,index,selftext,num_comments,score,title
39,420,bought wrong ticket accident meant buy ticket printworks london bought belfast anyone interested send pm,0,1,Selling tickets for Bicep in Belfast for £15
249,3878,hello dad co owner house mom divorced re married sister life house want buyout half ok that would get approx k need reinvest soon retired want use money wife get home we would sell condo help issue us money new wife would entitled co owner our house bought dad money something happened wanted money could come u screw u over way legally exempt legal ownership would deed name family would able come u house chose point dad pass agreed would help pay could live u old need care wife pass first would live u go first afraid would come u money anybody know law somewhere find info,0,0,New home puchase
299,4325,latest gem classic tune included broad music peeking enjoy mind follow it updating periodically link,0,1,Club Stuff Innit [Spotify Playlist]
440,7105,hey everyone girlfriend one first people canada register tomorrowland guarantee u tomorrowland package go sale proof ticket sold worldwide spot purchasing queue fill le second guarantee waiting year this need package willing part two experience lifetime opportunity deal serious inquiry only canadian willing meet gta ontario only excludes single day pass dreamville friendship package interested guaranteeing package tomorrowland email adina i tomorrowland gmail com email include name phone number package looking buy and much willing pay them baseline price select top offer a backup incase first offer flop contact via email th january set meet public place within gta mississauga toronto oakville etc exchange purchase must done th th january pm est order paid deadline buy ticket exchange payment on spot e transfer preferred personalize using information way everyone feel comfortable happening again abides tomorrowland rule completely reselling ticket simply selling opportunity purchase guaranteed ticket amazing event thanks attention good luck everyone interested,0,1,SELLING: 2 Guaranteed Tomorrowland 2015 Tickets (Canada Only)
607,8740,help thinking rise cassette driven mostly label desire physical presence without vinyl pressing pain nostalgia gone mad amp probably desperate attempt revenue generation streaming world rather practical genuinely useful reason thought nevertheless urge forgo unnecessary poor sounding plastic purchase amp buy digital fine release alley version slow opener flml use every known classic house music heart string tugging sound slow thing break steady beat wonderful emotional effect,0,1,FLML - N°5 (ALLEY VERSION)
608,8741,help thinking rise cassette driven mostly label desire physical presence without vinyl pressing pain nostalgia gone mad amp probably desperate attempt revenue generation streaming world rather practical genuinely useful reason thought nevertheless urge forgo unnecessary poor sounding plastic purchase amp buy digital fine release alley version slow opener flml use every known classic house music heart string tugging sound slow thing break steady beat wonderful emotional effect,0,1,FLML - N°5 (ALLEY VERSION)
692,9712,wanna buy hk audio linear speaker house dj got play them cheer,0,1,HK Audio Linear 3
877,12671,hi im trying find solution problem wondering someone idea help out parent big flat worth k different city room flat rented individually parent dont want involved anymore thats want pas sibling sell it think flat going increase value year due size location dont want sell it mentioned sibling live different country easy room time last time wedding different different opinion want move city manage tenant make reform flat taking room adding bathroom open kitchen live comfortably room rented cost reform around k im willing pay although dad would like make reform flat belongs sibling i want u agree reform pay it pay rent live rent free exchange managing flat understand fair flat belong sibling although know close impossible agree decision many discussion along way dont see eye eye different view almost everything point thought buying closest sister recently bought house doesnt money it neither i small amount put st payment meantime move house still belongs parent would able live rent free flat sibling before wouldnt allowed make change one going live city love flat want it would appreciate input idea would help me much appreciated,0,1,Family dispute over flat
1074,17035,check website playlist load dj avalon emerson or la mount kimbie nathan micay favourite music available buy bandcamp great discover nice tune support artist,1,1,Website with playlist by various dj's (made by Avalon Emerson &amp; friends)
1270,18689,looking buying house look like there vertical crack repaired foundation crack repaired inside exterior seems crack see issue this crack repaired year ago,2,1,Foundation crack repaired
1293,18817,hey guy maybe off topic question would like throw rave friend would like buy led light would look good smaller room preferably dime light red blue basic patter light strobe laser anyone experience ligts know related site forum could share checking light amazon guide aswell there many option many mixed review im completly lost,0,1,Rave / Party lightning [HELP]
1386,19697,love main aim currently number uk itunes chart people also buying tear whistle song great deal love frankie uk people greatly saddened lost legend wanted make small gesture,8,17,YSK that currently in the UK people are buying Frankie Knuckles records to get them into the charts
1389,19762,sure right place post something like this anyway title say looking start band friend total beginner come type music looking buy midi controller unsure software advice mac thanks,6,0,Looking to start a house band with a friend (advice would be awesome!)
1463,20457,believe older house song could mistaken dj heard play club usually play lot older house song thinking one pretty fast beat song like slow ole go in male voice ole ole ole ole ole ole ole ole beat kick lot fast spanish vocal part pick ole quick like song song talking definately saying ole like faster please help,0,0,I need help finding a song. It's Spanish vocals (i think). And the only part I can pick out is the ole ole ole ole (similar to the soccer song but it is not that song or any version of it.)
1538,21748,hey guy made stmpd rcrds sample pack so want make music like garrix brook buy sample pack usd thanks support check here,0,1,STMPD RCRDS - SAMPLE PACK
1563,22062,hi guy posted r ukfunky age ago joy found subreddit thought might give shot may heard uk dj called perempay mix series called vibe really good never tracklist track track etc anyway vol track really really really want buy find anywhere anyone know is probably notice best quality file want proper version,6,4,First submission to /r/house! And it's a Track ID...
1566,22191,link buy inclined awesome mix deep house lover track lead it,2,0,"Recommend the mix ""One More Tune"" by Tom Middleton. Can't find it anywhere on youtube/soundcloud however."
1724,24996,interior always mandatory source decorating home really add beauty overall appeal reason numerous type flooring pattern adorning home talking terracotta floor tile provide impeccable finish flooring system terracotta clay heated fire made string enough carve floor well roof tile exclusive finish made via machine while hand made one texture visibility flooring made tile give smooth finish allow people feel elated sophisticated flooring plan,4,3,Flooring is an Important Part of Interiors
1761,25735,whenever go show stuff hear played kind thing percussion bass line maybe vocal know find kind stuff online buy recommendation thanks help,4,1,Where to find underground sounding house.
1829,27258,underrated music producer trying sort electronic music first try house hope enjoy,0,1,The BeatZebs - Sophisticated
1835,27361,blog called dollar mix go buy worth vinyl new used record mix it mix usually house disco related also write new release based nyc area throw party called sunday soulstice month vbar st ave mix party come check u out enjoy,0,1,Here's a new blog I'm writing for House music.
1837,27378,always enjoy hearing howler people bought past think got absolute shite collection somewhere guilty pleasure drunk purchase young foolish track aged well record mp hide mate coming over would love hear some biggest offender trancey thing mid late since house reddit keep limited that particular order sgt slick white treble black bass bob marley v funkstar de luxe remix sun shining planet funk chase sun impossible think drunk lad dart hear now a t f c present one phat deeva life z factor gotta keep pushin roger sanchez never knew modjo lady even bring link one vocal grate much now bloody loved time though,11,6,Terrible records you bought?
1851,27754,mod thank permission java freelancer day progressive house dj enthusiast otherwise pay downloads wanted hear track full buy them therefore made player find amp match full length video corresponding track top chart beatport juno traxsource track charted past day day process track basically get stream dj buying new track added top list day and also added link matching music spotify look green button row not visible smartphones also get link video sharing reddit play track click link button near video total genre lot house house house come house lover slashing house half give u offer vast selection house house blow out right got regular house deep house tech house future house got popular progressive house underground progressive house electro house find better house anywhere else play let know think enough music page load quickly tell edit formatting,48,55,"I made a free YouTube player for House music: each day I load it with full-length videos corresponding to tracks downloaded most often by DJs from Beatport, Traxsource and Juno (info in comments -- feedback welcome)"
1923,30497,tldr remember used stay date current house music find good new music house music junkie long remember kid remember loving sound mr finger can feel it maurice joshua this acid hooked life new york area used house music radio mostly mix show night weekend used keep new music old enough go club record store teen would buy mix tape would biggest recent song napster file sharing network came along would search name favorite dj producer looking find new song heard saturday night wktu would air saturday night dance factory played great music night long began follow billboard chart see recent dance club play chart looking top new song old enough go club would go hear new york area dj like johnny vicious danny tengalia eddie baez victor calderone junior vasquez razor n guido richie santana denny tsettos etc way always date many song would considered classic today although easier ever before feel touch today music time went closely following house music almost feel like point reference song big hit destined house music classic lately enjoying defected radio sister bliss session sense know really good among recent house track long post ultimately lead question go finding best new house music a musical offering one favorite song time probably strictly house today standard considered new york style house johnny vicious mix veronica release me,38,17,How do you find great new house music?
1936,30788,hi come drum amp bass background term djing always loved listening house type dance music well mixed vinyl year got traktor year ago branched mixing lot house old garage year given long term obsession drum amp bass often drawn buying mixing pretty uptempo rolling tech house like this thing is find mixing much one style get quite boring samey also like melodic pad catchier stuff like older playing older melodic stuff like kerri chandler grant nelson etc newer artist wise also like doorly gregory dub amp harry judda guy recommend artist label think might alley find hard beatport trawl house tech house deep house section time consuming feel like chore know exactly looking for suggestion welcomed,4,2,Uptempo / Rolling house recommendations...
2174,33742,heard song sample buying reocrds selling record several time cannot find sorry lack information help would appreciated think funky lo fi sorta vibe,2,1,"ID - Song with sample ""Buying records, selling records..."" Funky feel"
2330,35149,year old house enthusiast love go raf event basically anything house based year ago one brother friend brought round set think turntable spent night mixing little party brother having ive never much fun ever since ive wanting buy deck mix music idea start even do need advice people buy software need maybe actually want dont really know im doing please could kind bunch work ur magic get running please advice appreciated,8,15,Need some guidance
2399,35692,hello im looking dive deeper house music build physical collection listening sampling im curious anyone lived popular method listen early house music mostly cassette cd vinyl time want buy right player give potential material find record store question meant people actually lived s born im well educated haha thanks,9,3,90s house question
2650,37712,,0,1,Sullfupport - Cam Rillem
2865,39680,im looking buying one easily sync computer fl stuido,1,0,What are the best midi boards on the market?
2945,41093,process buying house plan making room lady cave like man cave lady now used scrapbooking knitting this movie video game etc need name it suggestion,0,1,What should I call my Lady Cave??
3122,43593,hello househeads i know guy refer other amateur dj fell love electrohouse year ago transitioning towards regular house music lately know subgenres anything like that sorry using improper terminology wondering would way guy could give nice roundup classic house track put lately preferably free possible definitely willing buy beatport song linking recently made fall love particular style hoping stuff like improve introductory set aka typical high energy electrohouse prog house breaking rule something wrong please let know correct best can thanks advance song day viceroy remix original track amtrac,11,4,Quick question from a new subscriber
3171,44491,hello im college kid looking solid long mix playlist etc pop all day st paddy kegger morning looking upbeat hype fun carefree tune strong beat friend edm techno jam band dnb etc lol anyone perfect medium would insanely appreciated itll going wee hour recs considered point,1,1,ISO: St Paddy’s Party Mix Recommendations
3183,44615,last record bought last record buy hear first yesterday bought oldie shared list anyway unfinished business head first heard dinky play panorama bar end wanted since repressed last july mayday wiggin just randomly sumbled across looking rarity although got unofficial repress couldnt afford original round two new day what said one stone cold classic one smoothest deep track get finally kh track playing people keep asking joy used ra mix daphni played boiler room i seen posted facebook boomkat phonica never heard joy play really fan love track reminds mmm meet tshetsha boy released honest jons last year tama used smash quite bit,5,2,Dj's/Collectors of /r/House. What was the last vinyl purchase you made?
3202,44982,day ago discovered simulation roisin murphy put finger moved much pun sort intended possibly throwback twenty sort house clubbing maybe platonic ideal danceable house music hissing high hat thumping base repetitive vocal various break mildly positive treacly vibe searching desperately music fit mold far success reaching guy spotify radio station based brings goldfrapp caribou hercules amp love affair like great artist enjoy mind song much pop structure apart remixes so song album really similar simulation edification would describe genre disco house something else many thanks help,3,1,"Help me, house heads"
3251,45738,trying learn house dance class week live considering buying jardy online course anyone ever tried it lt website,0,1,Anyone try Jardy's New Online Course? [X-POST /r/HouseDancing]
3407,47851,hi guy able direct towards place buy house related artwork specifically poster wall art help appreciated cheer,2,1,House related art?
3450,48480,tldr buying bunch new track weekend need label check out hey r house serious need new house music label check grab track label like toytonics shall fade uttu preferred please tech house,12,1,In need of house music labels!
3567,50419,hello all house dj spent sometime away turntable back want buy new track cant seem get current mainstream house need recommendation want current jazzy deep type house akin wattie green d tech tommy largo naked music please help get back house,2,2,"Getting back into house, need some recommendations"
3568,50488,usually buy music tuesday feeling bit uninspired week thought might interesting see people buying new release older bit far got saul dj kick ep dj fudge tafina krystal klear fumer tue shenoda thinking of niko schwind interference,2,2,What's on your shopping list this week?
3578,50760,want late night house chill session boot spotify remember never added lady hear tonight modjo onto playlist searched shocked find it shitty tribute song quite displeased even good alternative sound horrible thing music sound better stardust although found legit replica copy spotify song this would buy itunes enough money right now play background phone youtube anyway contact spotify ask get license back edit remember together the band thomas bangalter dj falcon also spotify either,2,1,What has happened to a couple of house songs on Spotify?
3669,52957,specifically want time rory cochrane remix visited beatport page seems down even sent dime recording email ago response really want buy it,0,1,Where Can I legitimately find this EP?
3675,53171,anyone know good online music store buying house music getting harder find stuff nobody else uk like idea try find stuff nobody else playing aside obvious one beatport juno traxsource stompy record label could anyone recommend anywhere buy decent vocal soulful gospel style house music record label coming worth keeping eye on really like stuff guesthouse moment,12,3,Buying house music online
3694,54045,album version in mood full vocal heard essential mix here vocal mix exist somewhere searching time titled differently anyone could help much appreciated even though feel like track super exclusive edit never get greasy hand on,0,2,does the art department - in the mood vocal mix exist somewhere online?
3718,54779,vinyl sleeve got damaged place buy new original artwork cover record crystal castle iii,1,0,My vinyl cover got damaged is there a place you can buy new covers?
3890,58846,rule say sorry ok feel free delete rule thought share hat designed available etsy shop figure house music fan ina house music community would best people tell hopefully get appreciation worry none wanna buy anything thought share love house music clothing design click check hat well color available processing img vwenjkqb,0,1,House Music SnapBack - Ok To Post Here?
3948,59472,played bone lee well sound nightclub los angeles march nd go name house head believe,0,1,Looking for this track
4028,60189,planning buy piece land instead building house thinking buying prefab house good idea look looking prefab house,18,1,What to look for when buying a prefab house?
4082,60598,would buy house right lockdown lmao furniture anything modern got pool need recommendation like cleaning company maybe also laundry house task los angeles,1,1,Cleaning Company in LA?
4112,60871,quick recommendation elliot adamson coming uk producer brilliant edit series soundcloud latest one marlena shaw disco classic check others co great listen marlena shaw touch morning elliots edit elliot adamson soundcloud,4,1,Marlena Shaw - Touch Me In The Morning (Elliot Adamson Edit)
4159,61260,find digital copy astro astro anyone link buy it download free it free download iirc astro astro,6,3,"Astro - Astro (can't find a digital copy anywhere, please help)"
4193,61513,luister naar highly sensitive van senne buyens op soundcloud,0,1,Senne Buyens - highly sensitive ( trying to express hope in a song )
4194,61514,luister naar highly sensitive van senne buyens op soundcloud,0,1,Senne Buyens - highly sensitive ( trying to express hope in a song )
4208,61587,point direction free downloads buy tonne figure must healthy amount good freebie floating around,0,1,Free House Downloads request
4300,62861,fed shazam track seven time different useless result wasting time would rather enjoying music even try knew would lead nowhere seems app becoming useless day wouldnt surprised purposefully returned itunes buyable track purpose instead actual track anything better there used use sound hound found worse past thing changed app work best you,13,3,something better than shazam for house music?
4307,62914,u guy called like much would cost buy new one least ask new one,0,1,what is this?
4374,63711,buy sell abc buildcon pvt ltd mapsko mount ville offer bhk luxury appartments sector near nh gurgaon,1,1,Mapsko Mount Ville Gurgaon at Sector 79
4512,66068,this itunes link let uk user buy anyone know get u,9,2,Trying to find a place to download Artful Dodger in the US. Anyone know one? 
4679,68253,regret home purchase distance bought outside city work home overpriced falling apart much competition bidding process house love brand new build growing area location like anymore six month feeling depression year old single living suburb one close age time felt house area right choice feel made huge mistake plan best tough month place make full two year avoid owing capital gain may make end year one hope rent place keep make profit end sell road anyone else put situation regret buying place,1,1,Regretting my home purchase
4704,69281,last year tech house become super popular find incredibly boring seems thud along little variation track sound same love house many friend say get bored repetitive tech house definitely understand coming from buy mix see many artist tech house set night want go home get sleep set becomes samey last week saw route t e e d tech house set bored senseless usually like artist really want trend end think super popular ibiza continues go on realise tech house done well dun dun example majority wank commerically made sell beatport top wunderground article got spot derision tech house anyone fan agree me,36,1,Anyone else bored to death with this tech house trend?
4734,70783,come do try stay well clear politics politics affect example favourite nightclub closing policing favourite festival carnival hard take notice thousand dj producer based travelling europe would simply lie say week referendum easy ignore effect scene uk referendum result leave remain thursday rd june uk chose leave european union step unknown referendum one important decision uk faced decade although win slim margin uk decided time part way saying this already controversy morning nigel farage leader ukip uk independence party admitted day time tv million week pledge made nh mistake voter feeling ripped suspicious pledge made gig next week ibiza now music scene old enough remember long queue airport immigration desk added drama applying visa in advance go work part europe tell stark difference free movement made experience importantly career moment appears people going holiday may affected performer definition worker may require work visa favourite event cost more promoter putting small festival large gig special line ups would logistical nightmare every artist outside host country would apply visa european not increasing cost booking performer music becoming global get best artist who could come europe the world country would go simply buying ticket booking hotel week and case month paperwork appointment fee lead referendum much talk uk adopting australian point based immigration system system implemented apply temporary work entertainment visa could cost gbp source sooner think could become reality eu citizen would require visa enter uk turn briton would also require visa kind check travel continental europe brexit according justice minister leading leave campaigner dominic raab stated would part post withdrawal negotiation eu unable rule britain wanted secure border last trip spent money visa time work appointment flight non eu citizen custom process used sometimes invasive questioning paranoia faced apply visa simple trip continent one source said nightmare want go away spontaneous weekend plan minimum one month advance even relevant document could still get denied also cost big factor last trip spent visa time work appointment flight itself social medium awash reaction thursday brexit many tweet status found celebrating departure eu although fair say equally many shock disbelief there even new hashtag notmyvote trending twitter unhappy outcome voicing frustration exactly brexit affect music scene europe worldwide answer one actually know many uk citizen first time generation experienced political change drastic may take many year fully feel ramification know estimated may take year change begin kick in hope best full article,6,18,What Does Britain’s Exit from the EU Mean for Europe’s Music Scene?
4813,74897,theoretically could album similar may like could buy him rather bunch song could load onto sweet cd getting him want house related bit try snag specific song name like guy tomorrow have help edit please tell fit better r proghouse something familiar genre myself,0,2,"Hey! My friend likes the sort of music from Project 46 and the like, I need help for a Christmas gift for him."
4826,75248,recently listening buying lot older house record mainly early really love sound label like nice ripe henry street music strictly rhythm trax really want know label know don suggestion ear,9,1,What are some of the best classic house labels?
4845,75767,something interesting moti turn vip mix however check song beatport streaming different mix same title though even move interesting use buy beatport store link streaming service lead here mix first youtube link is looking version streaming service imho version way better want use set google shazam everything find link buy version halp,0,2,"Help me find a track! MOTi - Turn me Up, alternative mix (aka, not the VIP mix)"
